stratifier,level,accuracy,over_alarm,r_h_bias_ft
geometry,head-on,0.92265,0.0639,-850.4744835142217
geometry,overtaking,0.8464,0.12005,-1670.3036287841992
geometry,crossing,0.90365,0.0845,-1561.1252209046197
closing speed,high closure,0.8794,0.1046,-1297.8342177281932
closing speed,low closure,0.9116,0.06435,-1300.7588202047757
closing speed,medium closure,0.8817,0.0995,-1299.1003912604722
turn rate,low turn,0.9157,0.06835,-1215.935111466764
turn rate,medium turn,0.8899944997249862,0.09095454772738637,-1345.6132138482137
turn rate,high turn,0.8670066496675166,0.10914454277286136,-1322.457234742063
